function_name;function_schema;schema_name;table_name;trigger_definition;trigger_enabled;trigger_name
update_updated_at_column;public;public;academy_lessons;CREATE TRIGGER update_academy_lessons_updated_at BEFORE UPDATE ON academy_lessons FOR EACH ROW EXECUTE FUNCTION update_updated_at_column();O;update_academy_lessons_updated_at
update_updated_at_column;public;public;academy_paths;CREATE TRIGGER update_academy_paths_updated_at BEFORE UPDATE ON academy_paths FOR EACH ROW EXECUTE FUNCTION update_updated_at_column();O;update_academy_paths_updated_at
update_updated_at_column;public;public;academy_progress;CREATE TRIGGER update_academy_progress_updated_at BEFORE UPDATE ON academy_progress FOR EACH ROW EXECUTE FUNCTION update_updated_at_column();O;update_academy_progress_updated_at
update_updated_at_column;public;public;addon_upgrade_recommendations;CREATE TRIGGER trg_addon_upgrade_rec_updated_at BEFORE UPDATE ON addon_upgrade_recommendations FOR EACH ROW EXECUTE FUNCTION update_updated_at_column();O;trg_addon_upgrade_rec_updated_at
touch_updated_at;public;public;admin_event_subscriptions;CREATE TRIGGER trg_admin_event_subs_updated BEFORE UPDATE ON admin_event_subscriptions FOR EACH ROW EXECUTE FUNCTION touch_updated_at();O;trg_admin_event_subs_updated
sync_appointment_review_decision;public;public;appointment_reviews;CREATE TRIGGER trg_sync_appointment_review_decision AFTER INSERT ON appointment_reviews FOR EACH ROW EXECUTE FUNCTION sync_appointment_review_decision();O;trg_sync_appointment_review_decision
validate_appointment_review_before_insert;public;public;appointment_reviews;CREATE TRIGGER trg_validate_appointment_review_before_insert BEFORE INSERT ON appointment_reviews FOR EACH ROW EXECUTE FUNCTION validate_appointment_review_before_insert();O;trg_validate_appointment_review_before_insert
update_updated_at_column;public;public;appointment_reviews;CREATE TRIGGER update_appointment_reviews_updated_at BEFORE UPDATE ON appointment_reviews FOR EACH ROW EXECUTE FUNCTION update_updated_at_column();O;update_appointment_reviews_updated_at
log_payment_status_change;public;public;appointments;CREATE TRIGGER on_payment_status_change AFTER UPDATE OF payment_status ON appointments FOR EACH ROW EXECUTE FUNCTION log_payment_status_change();O;on_payment_status_change
ensure_appointment_tenant_id;public;public;appointments;CREATE TRIGGER tr_ensure_appointment_tenant_id BEFORE INSERT OR UPDATE ON appointments FOR EACH ROW EXECUTE FUNCTION ensure_appointment_tenant_id();O;tr_ensure_appointment_tenant_id
handle_appointment_completion;public;public;appointments;CREATE TRIGGER tr_handle_appointment_completion AFTER UPDATE ON appointments FOR EACH ROW WHEN (new.status = 'completed'::text AND (old.status IS NULL OR old.status <> 'completed'::text)) EXECUTE FUNCTION handle_appointment_completion();O;tr_handle_appointment_completion
notify_new_appointment;public;public;appointments;CREATE TRIGGER tr_notify_new_appointment AFTER INSERT ON appointments FOR EACH ROW EXECUTE FUNCTION notify_new_appointment();O;tr_notify_new_appointment
reserve_usage_log_on_appointment_insert;public;public;appointments;CREATE TRIGGER tr_reserve_usage_log_on_insert AFTER INSERT ON appointments FOR EACH ROW EXECUTE FUNCTION reserve_usage_log_on_appointment_insert();O;tr_reserve_usage_log_on_insert
sync_usage_logs_on_appointment_status;public;public;appointments;CREATE TRIGGER tr_sync_usage_logs_on_status AFTER UPDATE OF status ON appointments FOR EACH ROW EXECUTE FUNCTION sync_usage_logs_on_appointment_status();O;tr_sync_usage_logs_on_status
handle_appointment_completion_review_decision;public;public;appointments;CREATE TRIGGER trg_appointment_completion_review_decision BEFORE INSERT OR UPDATE OF status ON appointments FOR EACH ROW EXECUTE FUNCTION handle_appointment_completion_review_decision();O;trg_appointment_completion_review_decision
enforce_appointment_no_overlap;public;public;appointments;CREATE TRIGGER trg_appointments_no_overlap BEFORE INSERT OR UPDATE OF barber_id, start_time, end_time, status ON appointments FOR EACH ROW EXECUTE FUNCTION enforce_appointment_no_overlap();O;trg_appointments_no_overlap
trg_commission_on_appointment;public;public;appointments;CREATE TRIGGER trg_commission_on_appointment AFTER INSERT OR UPDATE OF status ON appointments FOR EACH ROW EXECUTE FUNCTION trg_commission_on_appointment();O;trg_commission_on_appointment
emit_first_appointment_event;public;public;appointments;CREATE TRIGGER trg_first_appointment AFTER INSERT ON appointments FOR EACH ROW EXECUTE FUNCTION emit_first_appointment_event();O;trg_first_appointment
update_updated_at_column;public;public;appointments;CREATE TRIGGER update_appointments_updated_at BEFORE UPDATE ON appointments FOR EACH ROW EXECUTE FUNCTION update_updated_at_column();O;update_appointments_updated_at
update_updated_at_column;public;public;automation_conversations;CREATE TRIGGER update_automation_conversations_updated_at BEFORE UPDATE ON automation_conversations FOR EACH ROW EXECUTE FUNCTION update_updated_at_column();O;update_automation_conversations_updated_at
update_updated_at_column;public;public;automation_interactions;CREATE TRIGGER update_automation_interactions_updated_at BEFORE UPDATE ON automation_interactions FOR EACH ROW EXECUTE FUNCTION update_updated_at_column();O;update_automation_interactions_updated_at
update_updated_at_column;public;public;automation_reconciliation_settings;CREATE TRIGGER update_reconciliation_settings_updated_at BEFORE UPDATE ON automation_reconciliation_settings FOR EACH ROW EXECUTE FUNCTION update_updated_at_column();O;update_reconciliation_settings_updated_at
update_updated_at_column;public;public;automation_templates;CREATE TRIGGER update_automation_templates_updated_at BEFORE UPDATE ON automation_templates FOR EACH ROW EXECUTE FUNCTION update_updated_at_column();O;update_automation_templates_updated_at
update_updated_at_column;public;public;automation_v2_dispatches;CREATE TRIGGER update_automation_v2_dispatches_updated_at BEFORE UPDATE ON automation_v2_dispatches FOR EACH ROW EXECUTE FUNCTION update_updated_at_column();O;update_automation_v2_dispatches_updated_at
update_updated_at_column;public;public;automation_v2_sessions;CREATE TRIGGER update_automation_v2_sessions_updated_at BEFORE UPDATE ON automation_v2_sessions FOR EACH ROW EXECUTE FUNCTION update_updated_at_column();O;update_automation_v2_sessions_updated_at
update_bg_jobs_updated_at;public;public;background_jobs;CREATE TRIGGER trg_update_bg_jobs_updated_at BEFORE UPDATE ON background_jobs FOR EACH ROW EXECUTE FUNCTION update_bg_jobs_updated_at();O;trg_update_bg_jobs_updated_at
update_barber_commissions_updated_at;public;public;barber_commissions;CREATE TRIGGER trg_update_barber_commissions_updated_at BEFORE UPDATE ON barber_commissions FOR EACH ROW EXECUTE FUNCTION update_barber_commissions_updated_at();O;trg_update_barber_commissions_updated_at
update_updated_at_column;public;public;barbers;CREATE TRIGGER update_barbers_updated_at BEFORE UPDATE ON barbers FOR EACH ROW EXECUTE FUNCTION update_updated_at_column();O;update_barbers_updated_at
tg_log_barbershop_module_change;public;public;barbershop_modules;CREATE TRIGGER barbershop_modules_log_change AFTER INSERT OR UPDATE ON barbershop_modules FOR EACH ROW EXECUTE FUNCTION tg_log_barbershop_module_change();O;barbershop_modules_log_change
tg_barbershop_modules_updated_at;public;public;barbershop_modules;CREATE TRIGGER barbershop_modules_updated_at BEFORE UPDATE ON barbershop_modules FOR EACH ROW EXECUTE FUNCTION tg_barbershop_modules_updated_at();O;barbershop_modules_updated_at
update_updated_at_column;public;public;barbershop_settings;CREATE TRIGGER update_barbershop_settings_updated_at BEFORE UPDATE ON barbershop_settings FOR EACH ROW EXECUTE FUNCTION update_updated_at_column();O;update_barbershop_settings_updated_at
sync_barbershop_to_profile;public;public;barbershops;CREATE TRIGGER trg_sync_barbershop_to_profile AFTER INSERT OR UPDATE ON barbershops FOR EACH ROW EXECUTE FUNCTION sync_barbershop_to_profile();O;trg_sync_barbershop_to_profile
sync_modules_for_plan;public;public;barbershops;CREATE TRIGGER trg_sync_modules_for_plan AFTER INSERT OR UPDATE OF plan_id ON barbershops FOR EACH ROW EXECUTE FUNCTION sync_modules_for_plan();O;trg_sync_modules_for_plan
trigger_recalculate_cashback;public;public;cashback_transactions;CREATE TRIGGER tr_recalculate_cashback AFTER INSERT OR DELETE OR UPDATE ON cashback_transactions FOR EACH ROW EXECUTE FUNCTION trigger_recalculate_cashback();O;tr_recalculate_cashback
tg_block_disabled_cashback;public;public;cashback_transactions;CREATE TRIGGER trg_block_disabled_cashback BEFORE INSERT ON cashback_transactions FOR EACH ROW EXECUTE FUNCTION tg_block_disabled_cashback();O;trg_block_disabled_cashback
handle_updated_at;public;public;client_auth;CREATE TRIGGER update_client_auth_updated_at BEFORE UPDATE ON client_auth FOR EACH ROW EXECUTE FUNCTION handle_updated_at();O;update_client_auth_updated_at
update_updated_at_column;public;public;commission_closings;CREATE TRIGGER trg_commission_closings_updated_at BEFORE UPDATE ON commission_closings FOR EACH ROW EXECUTE FUNCTION update_updated_at_column();O;trg_commission_closings_updated_at
update_updated_at_column;public;public;commission_entries;CREATE TRIGGER trg_commission_entries_updated_at BEFORE UPDATE ON commission_entries FOR EACH ROW EXECUTE FUNCTION update_updated_at_column();O;trg_commission_entries_updated_at
trigger_recalculate_credits;public;public;credit_transactions;CREATE TRIGGER tr_recalculate_credits AFTER INSERT OR DELETE OR UPDATE ON credit_transactions FOR EACH ROW EXECUTE FUNCTION trigger_recalculate_credits();O;tr_recalculate_credits
sync_customer_credits;public;public;customer_credits;CREATE TRIGGER tr_sync_customer_credits AFTER INSERT OR UPDATE ON customer_credits FOR EACH ROW EXECUTE FUNCTION sync_customer_credits();O;tr_sync_customer_credits
update_updated_at_column;public;public;customer_interactions;CREATE TRIGGER update_customer_interactions_updated_at BEFORE UPDATE ON customer_interactions FOR EACH ROW EXECUTE FUNCTION update_updated_at_column();O;update_customer_interactions_updated_at
confirm_referral_on_activation;public;public;customer_subscriptions;CREATE TRIGGER trg_confirm_referral_on_activation AFTER UPDATE OF status ON customer_subscriptions FOR EACH ROW EXECUTE FUNCTION confirm_referral_on_activation();O;trg_confirm_referral_on_activation
update_updated_at_column;public;public;customer_subscriptions;CREATE TRIGGER trg_cust_subs_updated_at BEFORE UPDATE ON customer_subscriptions FOR EACH ROW EXECUTE FUNCTION update_updated_at_column();O;trg_cust_subs_updated_at
trigger_subscription_automation;public;public;customer_subscriptions;CREATE TRIGGER trg_customer_subscription_automation AFTER INSERT OR UPDATE OF status ON customer_subscriptions FOR EACH ROW EXECUTE FUNCTION trigger_subscription_automation();O;trg_customer_subscription_automation
set_subscription_card_token;public;public;customer_subscriptions;CREATE TRIGGER trg_set_subscription_card_token BEFORE INSERT ON customer_subscriptions FOR EACH ROW EXECUTE FUNCTION set_subscription_card_token();O;trg_set_subscription_card_token
set_subscription_referral_code;public;public;customer_subscriptions;CREATE TRIGGER trg_set_subscription_referral_code BEFORE INSERT ON customer_subscriptions FOR EACH ROW EXECUTE FUNCTION set_subscription_referral_code();O;trg_set_subscription_referral_code
update_updated_at_column;public;public;customer_tasks;CREATE TRIGGER update_customer_tasks_updated_at BEFORE UPDATE ON customer_tasks FOR EACH ROW EXECUTE FUNCTION update_updated_at_column();O;update_customer_tasks_updated_at
update_updated_at_column;public;public;customers;CREATE TRIGGER update_customers_updated_at BEFORE UPDATE ON customers FOR EACH ROW EXECUTE FUNCTION update_updated_at_column();O;update_customers_updated_at
update_updated_at_column;public;public;lgpd_requests;CREATE TRIGGER trg_lgpd_requests_updated BEFORE UPDATE ON lgpd_requests FOR EACH ROW EXECUTE FUNCTION update_updated_at_column();O;trg_lgpd_requests_updated
tg_loyalty_premium_updated_at;public;public;loyalty_campaign_participations;CREATE TRIGGER trg_loy_part_upd BEFORE UPDATE ON loyalty_campaign_participations FOR EACH ROW EXECUTE FUNCTION tg_loyalty_premium_updated_at();O;trg_loy_part_upd
tg_loyalty_premium_updated_at;public;public;loyalty_campaign_templates;CREATE TRIGGER trg_loy_camp_tpl_upd BEFORE UPDATE ON loyalty_campaign_templates FOR EACH ROW EXECUTE FUNCTION tg_loyalty_premium_updated_at();O;trg_loy_camp_tpl_upd
tg_loyalty_premium_updated_at;public;public;loyalty_campaigns;CREATE TRIGGER trg_loy_camp_upd BEFORE UPDATE ON loyalty_campaigns FOR EACH ROW EXECUTE FUNCTION tg_loyalty_premium_updated_at();O;trg_loy_camp_upd
tg_loyalty_touch_updated_at;public;public;loyalty_rewards;CREATE TRIGGER trg_loyalty_rewards_updated_at BEFORE UPDATE ON loyalty_rewards FOR EACH ROW EXECUTE FUNCTION tg_loyalty_touch_updated_at();O;trg_loyalty_rewards_updated_at
tg_loyalty_touch_updated_at;public;public;loyalty_settings;CREATE TRIGGER trg_loyalty_settings_updated_at BEFORE UPDATE ON loyalty_settings FOR EACH ROW EXECUTE FUNCTION tg_loyalty_touch_updated_at();O;trg_loyalty_settings_updated_at
update_updated_at_column;public;public;notification_recipients;CREATE TRIGGER update_notification_recipients_updated_at BEFORE UPDATE ON notification_recipients FOR EACH ROW EXECUTE FUNCTION update_updated_at_column();O;update_notification_recipients_updated_at
sync_notification_read_status;public;public;notifications;CREATE TRIGGER tr_sync_notification_read BEFORE INSERT OR UPDATE ON notifications FOR EACH ROW EXECUTE FUNCTION sync_notification_read_status();O;tr_sync_notification_read
update_payment_gateway_updated_at;public;public;payment_gateways;CREATE TRIGGER trg_payment_gateways_updated_at BEFORE UPDATE ON payment_gateways FOR EACH ROW EXECUTE FUNCTION update_payment_gateway_updated_at();O;trg_payment_gateways_updated_at
ensure_single_primary_gateway;public;public;payment_gateways;CREATE TRIGGER trg_single_primary_gateway BEFORE INSERT OR UPDATE OF is_primary ON payment_gateways FOR EACH ROW WHEN (new.is_primary = true) EXECUTE FUNCTION ensure_single_primary_gateway();O;trg_single_primary_gateway
handle_updated_at;public;public;payment_receipts;CREATE TRIGGER update_payment_receipts_updated_at BEFORE UPDATE ON payment_receipts FOR EACH ROW EXECUTE FUNCTION handle_updated_at();O;update_payment_receipts_updated_at
update_updated_at_column;public;public;plans;CREATE TRIGGER update_plans_updated_at BEFORE UPDATE ON plans FOR EACH ROW EXECUTE FUNCTION update_updated_at_column();O;update_plans_updated_at
tg_admin_notify_lgpd;public;public;privacy_consents;CREATE TRIGGER trg_admin_notify_lgpd AFTER INSERT ON privacy_consents FOR EACH ROW EXECUTE FUNCTION tg_admin_notify_lgpd();O;trg_admin_notify_lgpd
handle_product_sale_status_change;public;public;product_sales;CREATE TRIGGER tr_product_sale_status_change AFTER UPDATE OF status ON product_sales FOR EACH ROW EXECUTE FUNCTION handle_product_sale_status_change();O;tr_product_sale_status_change
update_updated_at_column;public;public;product_sales;CREATE TRIGGER update_product_sales_updated_at BEFORE UPDATE ON product_sales FOR EACH ROW EXECUTE FUNCTION update_updated_at_column();O;update_product_sales_updated_at
generate_product_slug;public;public;products;CREATE TRIGGER trg_generate_product_slug BEFORE INSERT OR UPDATE OF name ON products FOR EACH ROW EXECUTE FUNCTION generate_product_slug();O;trg_generate_product_slug
update_updated_at_column;public;public;products;CREATE TRIGGER update_products_updated_at BEFORE UPDATE ON products FOR EACH ROW EXECUTE FUNCTION update_updated_at_column();O;update_products_updated_at
protect_role_column;public;public;profiles;CREATE TRIGGER tr_protect_role_column BEFORE UPDATE ON profiles FOR EACH ROW EXECUTE FUNCTION protect_role_column();O;tr_protect_role_column
tg_admin_notify_new_tenant;public;public;profiles;CREATE TRIGGER trg_admin_notify_new_tenant AFTER INSERT ON profiles FOR EACH ROW EXECUTE FUNCTION tg_admin_notify_new_tenant();O;trg_admin_notify_new_tenant
tg_admin_notify_plan_change;public;public;profiles;CREATE TRIGGER trg_admin_notify_plan_change AFTER UPDATE OF plan, effective_plan ON profiles FOR EACH ROW EXECUTE FUNCTION tg_admin_notify_plan_change();O;trg_admin_notify_plan_change
trg_notify_admin_tenant_signup;public;public;profiles;CREATE TRIGGER trg_admin_notify_tenant_signup AFTER INSERT ON profiles FOR EACH ROW EXECUTE FUNCTION trg_notify_admin_tenant_signup();O;trg_admin_notify_tenant_signup
guard_internal_test_tenant_flag;public;public;profiles;CREATE TRIGGER trg_guard_internal_test_tenant_flag BEFORE UPDATE ON profiles FOR EACH ROW EXECUTE FUNCTION guard_internal_test_tenant_flag();O;trg_guard_internal_test_tenant_flag
tg_sync_modules_on_profile_plan_change;public;public;profiles;CREATE TRIGGER trg_sync_modules_on_profile_plan AFTER UPDATE OF plan, effective_plan ON profiles FOR EACH ROW EXECUTE FUNCTION tg_sync_modules_on_profile_plan_change();O;trg_sync_modules_on_profile_plan
update_updated_at_column;public;public;profiles;CREATE TRIGGER update_profiles_updated_at BEFORE UPDATE ON profiles FOR EACH ROW EXECUTE FUNCTION update_updated_at_column();O;update_profiles_updated_at
reception_touch_updated_at;public;public;reception_permissions;CREATE TRIGGER trg_reception_permissions_updated BEFORE UPDATE ON reception_permissions FOR EACH ROW EXECUTE FUNCTION reception_touch_updated_at();O;trg_reception_permissions_updated
log_refund_status_change;public;public;refund_requests;CREATE TRIGGER tr_log_refund_status_change AFTER INSERT OR UPDATE ON refund_requests FOR EACH ROW EXECUTE FUNCTION log_refund_status_change();O;tr_log_refund_status_change
set_updated_at;public;public;saas_addons;CREATE TRIGGER trg_saas_addons_updated BEFORE UPDATE ON saas_addons FOR EACH ROW EXECUTE FUNCTION set_updated_at();O;trg_saas_addons_updated
set_updated_at;public;public;saas_admin_voucher_redemptions;CREATE TRIGGER trg_admin_redemption_updated_at BEFORE UPDATE ON saas_admin_voucher_redemptions FOR EACH ROW EXECUTE FUNCTION set_updated_at();O;trg_admin_redemption_updated_at
set_updated_at;public;public;saas_admin_vouchers;CREATE TRIGGER trg_admin_voucher_updated_at BEFORE UPDATE ON saas_admin_vouchers FOR EACH ROW EXECUTE FUNCTION set_updated_at();O;trg_admin_voucher_updated_at
update_updated_at_column;public;public;saas_billing_settings;CREATE TRIGGER trg_saas_billing_settings_updated_at BEFORE UPDATE ON saas_billing_settings FOR EACH ROW EXECUTE FUNCTION update_updated_at_column();O;trg_saas_billing_settings_updated_at
tg_admin_notify_saas_checkout;public;public;saas_checkout_sessions;CREATE TRIGGER trg_admin_notify_saas_checkout AFTER INSERT OR UPDATE ON saas_checkout_sessions FOR EACH ROW EXECUTE FUNCTION tg_admin_notify_saas_checkout();O;trg_admin_notify_saas_checkout
update_barber_rating;public;public;service_ratings;CREATE TRIGGER on_rating_submitted AFTER INSERT OR UPDATE ON service_ratings FOR EACH ROW EXECUTE FUNCTION update_barber_rating();O;on_rating_submitted
update_updated_at_column;public;public;status_incidents;CREATE TRIGGER trg_status_incidents_updated BEFORE UPDATE ON status_incidents FOR EACH ROW EXECUTE FUNCTION update_updated_at_column();O;trg_status_incidents_updated
update_updated_at_column;public;public;status_maintenances;CREATE TRIGGER trg_status_maintenances_updated BEFORE UPDATE ON status_maintenances FOR EACH ROW EXECUTE FUNCTION update_updated_at_column();O;trg_status_maintenances_updated
update_updated_at_column;public;public;status_services;CREATE TRIGGER trg_status_services_updated BEFORE UPDATE ON status_services FOR EACH ROW EXECUTE FUNCTION update_updated_at_column();O;trg_status_services_updated
update_updated_at_column;public;public;subprocessors;CREATE TRIGGER trg_subprocessors_updated BEFORE UPDATE ON subprocessors FOR EACH ROW EXECUTE FUNCTION update_updated_at_column();O;trg_subprocessors_updated
update_updated_at_column;public;public;subscription_invoices;CREATE TRIGGER trg_sub_inv_updated_at BEFORE UPDATE ON subscription_invoices FOR EACH ROW EXECUTE FUNCTION update_updated_at_column();O;trg_sub_inv_updated_at
update_updated_at_column;public;public;subscription_loyalty_history;CREATE TRIGGER trg_sub_loyalty_history_updated_at BEFORE UPDATE ON subscription_loyalty_history FOR EACH ROW EXECUTE FUNCTION update_updated_at_column();O;trg_sub_loyalty_history_updated_at
update_updated_at_column;public;public;subscription_loyalty_rewards;CREATE TRIGGER trg_sub_loyalty_rewards_updated_at BEFORE UPDATE ON subscription_loyalty_rewards FOR EACH ROW EXECUTE FUNCTION update_updated_at_column();O;trg_sub_loyalty_rewards_updated_at
update_updated_at_column;public;public;subscription_payments;CREATE TRIGGER trg_sub_payments_updated_at BEFORE UPDATE ON subscription_payments FOR EACH ROW EXECUTE FUNCTION update_updated_at_column();O;trg_sub_payments_updated_at
update_updated_at_column;public;public;subscription_plan_benefit_services;CREATE TRIGGER trg_spbs_updated_at BEFORE UPDATE ON subscription_plan_benefit_services FOR EACH ROW EXECUTE FUNCTION update_updated_at_column();O;trg_spbs_updated_at
update_updated_at_column;public;public;subscription_plan_benefits;CREATE TRIGGER trg_spb_updated_at BEFORE UPDATE ON subscription_plan_benefits FOR EACH ROW EXECUTE FUNCTION update_updated_at_column();O;trg_spb_updated_at
update_updated_at_column;public;public;subscription_plans;CREATE TRIGGER trg_subscription_plans_updated_at BEFORE UPDATE ON subscription_plans FOR EACH ROW EXECUTE FUNCTION update_updated_at_column();O;trg_subscription_plans_updated_at
update_updated_at_column;public;public;subscription_referrals;CREATE TRIGGER trg_subscription_referrals_updated_at BEFORE UPDATE ON subscription_referrals FOR EACH ROW EXECUTE FUNCTION update_updated_at_column();O;trg_subscription_referrals_updated_at
validate_usage_log_status;public;public;subscription_usage_logs;CREATE TRIGGER trg_validate_usage_log_status BEFORE INSERT OR UPDATE ON subscription_usage_logs FOR EACH ROW EXECUTE FUNCTION validate_usage_log_status();O;trg_validate_usage_log_status
tg_admin_notify_support_reply;public;public;support_messages;CREATE TRIGGER trg_admin_notify_support_reply AFTER INSERT ON support_messages FOR EACH ROW EXECUTE FUNCTION tg_admin_notify_support_reply();O;trg_admin_notify_support_reply
handle_new_ticket_notification;public;public;support_tickets;CREATE TRIGGER on_ticket_created AFTER INSERT ON support_tickets FOR EACH ROW EXECUTE FUNCTION handle_new_ticket_notification();O;on_ticket_created
tg_admin_notify_support_ticket;public;public;support_tickets;CREATE TRIGGER trg_admin_notify_support_ticket AFTER INSERT ON support_tickets FOR EACH ROW EXECUTE FUNCTION tg_admin_notify_support_ticket();O;trg_admin_notify_support_ticket
trg_notify_admin_support_ticket;public;public;support_tickets;CREATE TRIGGER trg_notify_admin_support_ticket AFTER INSERT ON support_tickets FOR EACH ROW EXECUTE FUNCTION trg_notify_admin_support_ticket();O;trg_notify_admin_support_ticket
handle_updated_at;public;public;system_settings;CREATE TRIGGER update_system_settings_updated_at BEFORE UPDATE ON system_settings FOR EACH ROW EXECUTE FUNCTION handle_updated_at();O;update_system_settings_updated_at
set_updated_at;public;public;tenant_addons;CREATE TRIGGER trg_tenant_addons_updated BEFORE UPDATE ON tenant_addons FOR EACH ROW EXECUTE FUNCTION set_updated_at();O;trg_tenant_addons_updated
update_updated_at_column;public;public;tenant_integrations;CREATE TRIGGER update_tenant_integrations_updated_at BEFORE UPDATE ON tenant_integrations FOR EACH ROW EXECUTE FUNCTION update_updated_at_column();O;update_tenant_integrations_updated_at
update_tenant_webhooks_updated_at;public;public;tenant_webhooks;CREATE TRIGGER trg_tenant_webhooks_updated_at BEFORE UPDATE ON tenant_webhooks FOR EACH ROW EXECUTE FUNCTION update_tenant_webhooks_updated_at();O;trg_tenant_webhooks_updated_at
trg_notify_admin_revenue_milestone;public;public;transactions;CREATE TRIGGER trg_notify_admin_revenue_milestone AFTER INSERT ON transactions FOR EACH ROW EXECUTE FUNCTION trg_notify_admin_revenue_milestone();O;trg_notify_admin_revenue_milestone
reception_touch_updated_at;public;public;waiting_list;CREATE TRIGGER trg_waiting_list_updated BEFORE UPDATE ON waiting_list FOR EACH ROW EXECUTE FUNCTION reception_touch_updated_at();O;trg_waiting_list_updated
update_updated_at_column;public;public;wallet;CREATE TRIGGER update_wallet_updated_at BEFORE UPDATE ON wallet FOR EACH ROW EXECUTE FUNCTION update_updated_at_column();O;update_wallet_updated_at
handle_wallet_transaction;public;public;wallet_transactions;CREATE TRIGGER on_wallet_transaction AFTER INSERT ON wallet_transactions FOR EACH ROW EXECUTE FUNCTION handle_wallet_transaction();O;on_wallet_transaction
update_updated_at_column;public;public;whatsapp_cloud_connections;CREATE TRIGGER update_whatsapp_connections_updated_at BEFORE UPDATE ON whatsapp_cloud_connections FOR EACH ROW EXECUTE FUNCTION update_updated_at_column();O;update_whatsapp_connections_updated_at
update_updated_at_column;public;public;whatsapp_conversations;CREATE TRIGGER update_whatsapp_conversations_updated_at BEFORE UPDATE ON whatsapp_conversations FOR EACH ROW EXECUTE FUNCTION update_updated_at_column();O;update_whatsapp_conversations_updated_at
update_whatsapp_delivery_logs_updated_at;public;public;whatsapp_delivery_logs;CREATE TRIGGER update_whatsapp_delivery_logs_updated_at_trigger BEFORE UPDATE ON whatsapp_delivery_logs FOR EACH ROW EXECUTE FUNCTION update_whatsapp_delivery_logs_updated_at();O;update_whatsapp_delivery_logs_updated_at_trigger
update_updated_at_column;public;public;whatsapp_instances;CREATE TRIGGER update_whatsapp_connections_updated_at BEFORE UPDATE ON whatsapp_instances FOR EACH ROW EXECUTE FUNCTION update_updated_at_column();O;update_whatsapp_connections_updated_at
update_updated_at_column;public;public;whatsapp_templates;CREATE TRIGGER update_whatsapp_templates_updated_at BEFORE UPDATE ON whatsapp_templates FOR EACH ROW EXECUTE FUNCTION update_updated_at_column();O;update_whatsapp_templates_updated_at